Complexity,Loss,Equation
1,0.2789319,"rho_c_0"
3,0.25948113,"rho_c_0 * 0.8606154"
4,0.14579503,"sin(v) + rho_c_0"
5,0.06300363,"(v * 0.46466663) + rho_c_0"
7,0.042146396,"rho_c_0 + (v / (2.55202 - rho_c_0))"
9,0.023722816,"(rho_c_0 / 1.209449) + (v / (2.5477684 - rho_c_0))"
11,0.01113269,"(rho_c_0 * 0.8592019) + ((rho_c_0 + 2.6678429) * (v * 0.17502832))"
15,0.0076692593,"(((rho_c_0 + 2.5232759) * ((c * -0.0023551262) + 0.17536968)) * (v + 4.92671)) + -2.1594698"
16,0.00164309,"((((0.005085824 / exp(c)) + 0.17536968) * (v + 4.67723)) * (rho_c_0 + 2.5232759)) + -2.1634316"
18,0.0016330899,"(((rho_c_0 + 2.5232759) * (v + 4.6656694)) * ((0.005085824 / exp(c / 0.98250294)) + 0.17536968)) + -2.1634316"
20,0.0005393468,"(((v + 1.6462494) * (((0.013103718 / exp(c)) + 0.15593497) * (rho_c_0 + 2.6351597))) + -0.76704484) + (rho_c_0 * 0.56823325)"
21,0.00031995916,"((rho_c_0 / 1.7256143) + (((v + 1.5644534) * (rho_c_0 + 2.6096609)) * ((0.05240919 / (c + 2.241013)) + 0.14754911))) + -0.73058367"
23,0.00031874716,"(rho_c_0 / 1.7256143) + (((((v + 1.5644534) * (rho_c_0 + 2.6096609)) - -0.016615422) * ((0.05240919 / (c + 2.241013)) + 0.14754911)) + -0.7333091)"
24,8.98228e-5,"(((rho_c_0 + 2.5920105) * (v + 2.5369065)) * ((0.007292211 / (exp(c) + (v * -0.052105624))) + 0.16256922)) + ((rho_c_0 * 0.4152556) + -1.1532111)"
26,6.787187e-5,"(rho_c_0 * 0.40782917) + ((((rho_c_0 + 2.575083) * ((0.0066138944 / (exp(c) + ((v + 0.41863534) * -0.04668444))) + 0.16401093)) * (v + 2.5651088)) + -1.164314)"
27,6.780537e-5,"((rho_c_0 * 0.40782917) + -1.164314) + (((rho_c_0 + 2.575083) * (v + 2.5651088)) * ((0.0066138944 / (exp(c) + sin((v + 0.41863534) * -0.046701413))) + 0.16401093))"
